time,Azimuth:,Pitch:,Roll:
0.034,-82.246,-64.420,-83.660
0.079,-83.837,-64.420,-83.660
0.105,-87.762,-65.556,-90.000
0.146,-85.718,-65.556,-90.000
0.180,-82.726,-65.427,-86.730
0.244,-85.023,-64.610,-87.397
0.280,-85.795,-64.610,-87.397
0.315,-83.668,-65.625,-87.274
0.346,-81.791,-65.625,-87.274
0.384,-84.328,-65.158,-88.919
0.454,-80.821,-65.526,-86.149
0.480,-80.979,-65.526,-86.149
0.524,-80.334,-66.139,-86.634
0.546,-79.770,-66.139,-86.634
0.594,-81.514,-65.300,-86.791
0.665,-83.614,-65.043,-88.394
0.680,-83.005,-65.043,-88.394
0.734,-78.106,-65.795,-85.006
0.746,-78.258,-65.795,-85.006
0.804,-80.007,-64.441,-84.184
0.874,-82.257,-64.945,-87.299
0.879,-81.655,-64.945,-87.299
0.944,-81.648,-65.241,-87.839
0.947,-83.329,-65.241,-87.839
1.014,-82.563,-65.343,-87.274
1.080,-83.741,-65.343,-87.274
1.083,-87.442,-64.751,-90.000
1.146,-89.289,-64.751,-90.000
1.155,-88.589,-65.146,-90.000
1.224,-83.893,-65.954,-86.634
1.280,-83.865,-65.954,-86.634
1.295,-84.704,-65.830,-87.248
1.347,-84.489,-65.830,-87.248
1.364,-87.244,-64.934,-88.409
1.435,-84.632,-65.209,-86.222
1.480,-84.009,-65.209,-86.222
1.504,-85.585,-65.225,-87.859
1.547,-84.562,-65.225,-87.859
1.574,-82.595,-65.922,-87.248
1.645,-84.845,-64.823,-87.349
1.680,-85.836,-64.823,-87.349
1.715,-86.641,-64.425,-87.374
1.747,-87.400,-64.425,-87.374
1.784,-84.751,-65.737,-87.248
1.854,-86.458,-65.146,-87.839
1.880,-85.465,-65.146,-87.839
1.925,-83.686,-64.990,-85.724
1.947,-82.219,-64.990,-85.724
1.994,-85.582,-64.635,-88.423
2.065,-82.820,-65.222,-86.760
2.080,-84.753,-65.222,-86.760
2.134,-86.225,-65.022,-87.879
2.146,-86.276,-65.022,-87.879
2.204,-86.099,-65.116,-87.879
2.274,-84.788,-65.514,-87.299
2.279,-87.011,-65.514,-87.299
2.344,-87.675,-65.429,-87.839
2.346,-87.855,-65.429,-87.839
2.414,-88.135,-65.547,-88.363
2.480,-89.067,-65.547,-88.363
2.483,-89.628,-65.248,-88.379
2.547,-87.097,-65.248,-88.379
2.561,-86.373,-65.352,-87.818
2.625,-87.269,-65.153,-88.379
2.680,-87.257,-65.153,-88.379
2.695,-86.311,-65.122,-87.325
2.747,-85.972,-65.122,-87.325
2.764,-86.105,-65.041,-87.299
2.835,-85.924,-65.660,-88.348
2.880,-84.879,-65.660,-88.348
2.905,-83.546,-65.521,-86.730
2.947,-85.632,-65.521,-86.730
2.975,-85.985,-65.860,-87.776
3.044,-89.587,-65.066,-90.000
3.080,-89.033,-65.066,-90.000
3.114,-86.325,-65.660,-88.348
3.147,-86.373,-65.660,-88.348
3.184,-85.262,-65.427,-86.730
3.254,-83.596,-65.699,-85.601
3.280,-80.925,-65.699,-85.601
3.324,-82.262,-65.085,-85.724
3.347,-84.113,-65.085,-85.724
3.394,-84.343,-65.444,-86.698
3.464,-87.606,-64.645,-88.409
3.480,-86.851,-64.645,-88.409
3.535,-86.268,-64.934,-88.409
3.548,-86.819,-64.934,-88.409
3.604,-85.851,-65.146,-87.839
3.675,-87.127,-65.033,-88.939
3.680,-88.335,-65.033,-88.939
3.745,-84.000,-65.827,-86.112
3.747,-81.583,-65.827,-86.112
3.815,-86.744,-65.461,-90.546
3.883,-87.116,-65.461,-90.546
3.884,-85.311,-65.853,-89.449
3.948,-85.272,-65.853,-89.449
3.960,-83.756,-65.532,-87.274
4.025,-84.993,-65.453,-88.363
4.081,-86.136,-65.453,-88.363
4.094,-84.649,-65.644,-87.248
4.148,-85.316,-65.644,-87.248
4.165,-84.508,-66.035,-87.221
4.236,-85.931,-65.867,-88.332
4.282,-85.427,-65.867,-88.332
4.305,-86.783,-65.458,-88.909
4.349,-86.314,-65.458,-88.909
4.374,-87.069,-65.350,-89.459
4.444,-88.577,-65.364,-91.091
4.482,-88.768,-65.364,-91.091
4.514,-85.161,-65.343,-87.274
4.549,-84.851,-65.343,-87.274
4.585,-85.667,-65.945,-89.449
4.654,-83.903,-65.521,-86.730
4.681,-83.372,-65.521,-86.730
4.724,-84.427,-65.540,-87.818
4.748,-85.535,-65.540,-87.818
4.795,-83.465,-65.494,-85.643
4.865,-87.694,-65.048,-88.929
4.883,-87.733,-65.048,-88.929
4.935,-86.571,-65.571,-88.898
4.949,-86.752,-65.571,-88.898
5.013,-86.018,-65.660,-88.348
5.074,-86.478,-65.241,-87.839
5.080,-87.131,-65.241,-87.839
5.145,-84.684,-66.058,-87.194
5.176,-84.856,-66.058,-87.194
5.214,-86.545,-65.540,-87.818
5.283,-83.795,-65.540,-87.818
5.284,-82.999,-64.894,-85.724
5.349,-84.113,-64.894,-85.724
5.363,-86.636,-65.461,-89.454
5.425,-87.619,-64.440,-88.423
5.483,-87.783,-64.440,-88.423
5.494,-83.295,-66.251,-87.754
5.550,-82.427,-66.251,-87.754
5.564,-83.154,-65.427,-86.730
5.636,-85.276,-65.968,-90.000
5.682,-86.252,-65.968,-90.000
5.704,-83.435,-66.492,-88.282
5.749,-81.547,-66.492,-88.282
5.775,-84.489,-65.668,-89.449
5.845,-84.421,-64.954,-87.839
5.883,-85.260,-64.954,-87.839
5.915,-87.240,-64.761,-89.465
5.949,-87.470,-64.761,-89.465
5.985,-87.411,-65.272,-90.546
6.055,-88.377,-65.559,-92.203
6.082,-90.904,-65.559,-92.203
6.124,-88.068,-65.248,-88.379
6.149,-86.864,-65.248,-88.379
6.195,-87.617,-65.367,-89.454
6.265,-85.065,-65.767,-87.776
6.285,-85.303,-65.767,-87.776
6.335,-85.952,-65.733,-88.363
6.349,-83.070,-65.733,-88.363
6.405,-82.104,-66.167,-88.315
6.475,-84.300,-65.668,-89.449
6.483,-84.642,-65.668,-89.449
6.545,-84.057,-65.436,-88.379
6.550,-84.386,-65.436,-88.379
6.614,-82.427,-65.830,-87.248
6.683,-84.243,-65.830,-87.248
6.684,-85.743,-65.640,-88.363
6.750,-84.917,-65.640,-88.363
6.763,-84.605,-64.812,-86.257
6.824,-85.852,-65.216,-88.409
6.883,-83.442,-65.216,-88.409
6.896,-83.369,-65.009,-87.898
6.950,-83.417,-65.009,-87.898
6.964,-84.501,-65.240,-89.465
7.035,-83.004,-65.436,-88.379
7.083,-82.659,-65.436,-88.379
7.104,-83.060,-65.248,-88.379
7.150,-83.546,-65.248,-88.379
7.175,-84.079,-65.253,-88.919
7.244,-83.088,-65.453,-88.363
7.284,-82.223,-65.453,-88.363
7.314,-82.087,-66.037,-89.449
7.350,-83.471,-66.037,-89.449
7.385,-83.803,-64.932,-87.325
7.457,-83.065,-65.464,-87.797
7.485,-80.979,-65.464,-87.797
7.525,-78.994,-65.819,-86.698
7.552,-79.439,-65.819,-86.698
7.594,-81.291,-65.774,-88.332
7.665,-82.844,-65.854,-90.000
7.686,-83.724,-65.854,-90.000
7.735,-84.280,-65.853,-90.551
7.750,-86.357,-65.853,-90.551
7.804,-83.260,-66.258,-88.315
7.875,-83.593,-65.860,-87.776
7.884,-85.961,-65.860,-87.776
7.944,-86.725,-65.540,-87.818
7.950,-88.665,-65.540,-87.818
8.015,-88.473,-65.846,-88.348
8.084,-89.814,-65.846,-88.348
8.084,-90.288,-65.429,-87.839
8.150,-90.586,-65.429,-87.839
8.161,-92.196,-64.934,-88.409
8.225,-92.177,-64.736,-87.879
8.284,-93.463,-64.736,-87.879
8.294,-92.992,-65.138,-88.394
8.351,-92.026,-65.138,-88.394
8.364,-91.005,-65.152,-87.274
8.435,-91.957,-65.381,-88.898
8.485,-92.726,-65.381,-88.898
8.509,-91.898,-65.335,-87.839
8.552,-88.416,-65.335,-87.839
8.576,-89.099,-65.248,-88.379
8.644,-87.378,-65.332,-86.730
8.684,-87.716,-65.332,-86.730
8.714,-89.639,-65.876,-90.000
8.750,-88.950,-65.876,-90.000
8.786,-76.972,-71.639,-89.246
8.854,-22.722,-85.162,-59.534
8.886,-20.367,-85.162,-59.534
8.925,50.242,-87.883,6.340
8.953,54.081,-87.883,6.340
8.994,73.648,-87.255,24.444
9.065,56.446,-85.533,5.440
9.085,67.597,-85.533,5.440
9.136,62.958,-86.651,3.366
9.150,88.535,-86.651,3.366
9.204,107.566,-87.456,26.565
9.275,109.683,-88.223,32.005
9.291,-170.698,-88.223,32.005
9.344,-172.461,-88.466,29.745
9.357,-137.197,-88.466,29.745
9.415,-127.056,-88.166,40.601
9.484,-127.215,-88.044,40.601
9.485,-125.322,-88.044,40.601
9.552,-124.317,-88.044,40.601
9.554,-127.959,-88.859,36.870
9.625,-104.703,-88.092,60.255
9.684,-104.236,-88.092,60.255
9.693,-109.994,-87.858,54.462
9.752,-109.424,-87.858,54.462
9.764,-122.013,-87.054,41.634
9.834,-110.685,-87.682,53.130
9.885,-111.866,-87.682,53.130
9.912,-116.179,-87.603,48.814
9.952,-118.897,-87.603,48.814
9.976,-115.519,-87.600,52.125
10.044,-129.176,-87.463,38.660
10.084,-131.214,-87.463,38.660
10.114,-149.584,-86.740,20.556
10.151,-147.359,-86.740,20.556
10.185,-146.164,-86.928,21.801
10.254,-134.009,-87.229,33.690
10.286,-131.485,-87.229,33.690
10.325,-130.188,-88.265,35.538
10.353,-129.267,-88.265,35.538
10.394,-126.248,-88.631,38.660
10.465,-119.670,-88.079,45.000
10.486,-119.952,-88.079,45.000
10.535,-132.944,-87.777,32.005
10.561,-134.667,-87.777,32.005
10.604,-121.862,-87.244,45.000
10.675,-116.517,-88.104,50.194
10.691,-119.222,-88.104,50.194
10.745,-129.380,-88.211,39.806
10.758,-139.315,-88.211,39.806
10.814,-138.711,-87.631,41.186
10.885,-135.107,-87.635,45.000
10.885,-150.557,-87.635,45.000
10.952,-158.328,-87.635,45.000
10.954,-158.133,-87.804,45.000
11.025,-176.308,-87.694,24.444
11.084,-169.961,-87.694,24.444
11.093,-157.817,-87.859,37.875
11.152,-145.338,-87.859,37.875
11.164,-148.251,-87.654,34.992
11.235,-166.111,-86.392,16.390
11.285,-156.146,-86.392,16.390
11.312,-149.537,-86.673,23.199
11.352,-145.365,-86.673,23.199
11.376,-134.870,-87.462,33.690
11.444,-131.693,-87.594,36.870
11.485,-130.841,-87.594,36.870
11.515,-135.156,-86.797,32.471
11.551,-134.914,-86.797,32.471
11.585,-133.863,-87.353,33.690
11.655,-128.716,-87.044,38.660
11.687,-128.855,-87.044,38.660
11.724,-131.495,-86.947,36.027
11.754,-132.898,-86.947,36.027
11.794,-134.329,-87.431,34.992
11.865,-120.566,-87.922,48.814
11.886,-121.790,-87.922,48.814
11.935,-140.439,-87.384,30.256
11.960,-138.816,-87.384,30.256
12.004,-126.807,-87.466,41.987
12.075,-142.905,-87.844,26.565
12.094,-140.625,-87.844,26.565
12.144,-134.336,-87.324,32.471
12.158,-133.540,-87.324,32.471
12.215,-147.764,-87.247,18.435
12.285,-151.153,-86.447,14.931
12.285,-151.058,-86.447,14.931
12.352,-151.758,-86.447,14.931
12.355,-149.415,-86.038,17.354
12.425,-149.590,-86.687,17.103
12.485,-153.002,-86.687,17.103
12.494,-143.625,-87.322,26.565
12.553,-152.925,-87.322,26.565
12.564,-142.273,-87.430,37.875
12.634,-135.475,-87.508,45.000
12.685,-148.434,-87.508,45.000
12.709,-155.320,-87.925,36.870
12.752,-160.158,-87.925,36.870
12.775,-164.379,-88.149,32.005
12.848,-172.244,-88.541,23.199
12.885,-167.428,-88.541,23.199
12.916,-162.363,-88.028,29.055
12.952,-150.624,-88.028,29.055
12.984,-143.211,-88.025,36.870
13.055,-146.508,-87.739,33.690
13.086,-136.257,-87.739,33.690
13.124,-129.006,-87.631,41.186
13.153,-126.216,-87.631,41.186
13.194,-128.852,-86.983,38.660
13.265,-140.934,-86.221,26.565
13.286,-139.029,-86.221,26.565
13.335,-139.027,-86.205,26.565
13.359,-138.175,-86.205,26.565
13.499,-132.403,-86.929,32.471
13.499,-123.251,-87.286,41.634
13.500,-122.716,-87.286,41.634
13.543,-123.416,-87.668,41.186
13.552,-124.939,-87.668,41.186
13.614,-113.019,-87.940,53.130
13.684,-117.038,-88.204,49.399
13.685,-118.043,-88.204,49.399
13.752,-115.877,-88.204,49.399
13.755,-112.761,-87.809,52.125
13.823,-119.538,-87.274,45.000
13.885,-118.638,-87.274,45.000
13.893,-123.697,-88.192,40.601
13.952,-122.613,-88.192,40.601
13.963,-118.199,-88.226,45.000
14.035,-131.177,-87.898,32.005
14.085,-132.431,-87.898,32.005
14.108,-112.196,-87.378,52.125
14.153,-112.714,-87.378,52.125
14.174,-126.172,-86.958,38.660
14.244,-136.121,-86.999,28.610
14.286,-139.827,-86.999,28.610
14.314,-133.563,-87.148,34.992
14.353,-140.618,-87.148,34.992
14.385,-148.188,-87.509,26.565
14.455,-147.286,-88.544,26.565
14.486,-156.250,-88.544,26.565
14.524,-143.396,-87.818,41.186
14.553,-148.939,-87.818,41.186
14.594,-155.730,-87.886,33.690
14.665,-155.700,-87.914,33.690
14.686,-150.357,-87.914,33.690
14.735,-153.058,-87.744,30.964
14.759,-141.260,-87.744,30.964
14.804,-123.040,-88.173,49.399
14.875,-124.194,-87.745,48.814
14.894,-115.722,-87.745,48.814
14.944,-116.517,-87.264,48.366
14.958,-113.638,-87.264,48.366
15.014,-112.469,-87.845,49.399
15.085,-129.493,-86.851,32.471
15.085,-129.040,-86.851,32.471
15.153,-128.455,-86.851,32.471
15.154,-127.075,-86.473,33.690
15.224,-124.822,-86.783,36.027
15.286,-126.208,-86.783,36.027
15.294,-123.735,-87.125,38.660
15.353,-126.153,-87.125,38.660
15.363,-123.310,-87.378,41.634
15.435,-125.480,-87.094,39.289
15.487,-127.146,-87.094,39.289
15.510,-125.215,-87.639,41.634
15.553,-124.724,-87.639,41.634
15.575,-117.667,-87.950,48.814
15.644,-113.385,-88.059,53.130
15.686,-111.921,-88.059,53.130
15.714,-128.327,-87.983,36.870
15.753,-127.647,-87.983,36.870
15.784,-129.055,-88.168,35.538
15.854,-122.584,-87.286,41.634
15.887,-123.433,-87.286,41.634
15.923,-107.108,-87.804,57.995
15.953,-109.339,-87.804,57.995
15.994,-126.122,-87.495,41.186
16.064,-122.443,-86.939,45.000
16.085,-124.704,-86.939,45.000
16.134,-127.820,-87.209,41.634
16.158,-136.098,-87.209,41.634
16.204,-128.750,-87.650,48.814
16.274,-132.130,-87.869,45.000
16.287,-140.642,-87.869,45.000
16.344,-148.064,-87.962,36.870
16.352,-151.159,-87.962,36.870
16.415,-155.402,-88.156,32.005
16.485,-151.010,-88.078,36.870
16.485,-145.137,-88.078,36.870
16.553,-135.392,-88.078,36.870
16.554,-143.796,-87.560,28.610
16.624,-139.484,-87.062,33.690
16.687,-132.092,-87.062,33.690
16.694,-129.691,-88.127,35.538
16.753,-127.078,-88.127,35.538
16.764,-130.640,-87.830,32.005
16.834,-121.566,-87.505,41.186
16.887,-120.698,-87.505,41.186
16.910,-116.930,-87.941,45.000
16.954,-116.430,-87.941,45.000
16.974,-123.358,-87.257,37.875
17.044,-138.720,-86.963,22.620
17.086,-139.230,-86.963,22.620
17.116,-124.466,-86.660,36.870
17.153,-126.212,-86.660,36.870
17.185,-118.095,-86.945,45.000
17.255,-126.421,-86.944,36.870
17.286,-127.271,-86.944,36.870
17.324,-112.931,-87.489,51.340
17.353,-112.435,-87.489,51.340
17.394,-111.079,-88.052,53.130
17.469,-118.860,-87.470,45.000
17.486,-117.813,-87.470,45.000
17.534,-106.592,-87.796,56.310
17.559,-105.586,-87.796,56.310
17.604,-123.146,-87.223,38.660
17.674,-116.831,-87.450,45.000
17.690,-117.253,-87.450,45.000
17.744,-124.376,-87.357,37.875
17.756,-125.096,-87.357,37.875
17.814,-126.034,-87.594,36.870
17.885,-127.267,-87.956,35.538
17.886,-129.850,-87.956,35.538
17.954,-136.893,-87.956,35.538
17.955,-132.147,-87.854,40.601
18.024,-132.385,-88.312,39.806
18.087,-141.936,-88.312,39.806
18.093,-141.518,-88.059,40.601
18.154,-141.224,-88.059,40.601
18.164,-141.102,-88.141,40.601
18.235,-147.889,-87.893,33.690
18.288,-143.549,-87.893,33.690
18.308,-152.455,-87.614,24.444
18.355,-145.382,-87.614,24.444
18.374,-141.512,-87.517,28.610
18.444,-136.448,-87.748,33.690
18.488,-131.078,-87.748,33.690
18.515,-127.126,-87.499,37.875
18.555,-124.995,-87.499,37.875
18.583,-114.116,-87.526,48.814
18.653,-125.037,-87.280,37.875
18.674,-126.972,-86.715,36.027
18.690,-126.839,-86.715,36.027
18.693,-114.097,-87.410,48.814
18.716,-127.904,-87.014,34.992
18.739,-133.894,-87.470,29.055
18.758,-131.952,-87.135,30.964
18.759,-131.439,-87.135,30.964
18.775,-129.823,-86.851,32.471
18.794,-123.588,-86.933,38.660
18.816,-117.327,-87.323,45.000
18.840,-113.899,-87.220,48.366
18.858,-114.145,-86.920,48.013
18.893,-110.876,-87.136,51.340
18.894,-111.353,-87.136,51.340
18.894,-106.630,-87.599,56.310
18.915,-129.561,-87.663,33.690
18.934,-122.746,-88.022,40.601
18.960,-122.007,-87.762,41.186
18.960,-124.910,-87.762,41.186
18.974,-113.686,-87.643,52.125
18.994,-116.835,-88.107,49.399
19.014,-116.852,-88.127,49.399
19.034,-124.982,-87.856,41.186
19.054,-117.472,-87.606,48.366
19.074,-121.466,-88.324,45.000
19.087,-122.991,-88.324,45.000
19.093,-132.615,-88.318,35.538
19.114,-129.809,-87.772,37.875
19.133,-132.665,-87.639,34.992
19.154,-131.069,-88.071,36.870
19.155,-130.079,-88.071,36.870
19.175,-128.844,-87.787,37.875
19.193,-130.065,-88.052,36.870
19.214,-126.373,-88.198,40.601
19.287,-124.112,-88.198,40.601
19.304,-119.532,-87.989,45.000
19.354,-118.411,-87.989,45.000
19.373,-134.735,-87.343,28.610
19.444,-128.263,-87.322,34.992
19.487,-128.587,-87.322,34.992
19.515,-118.550,-87.388,45.000
19.555,-119.918,-87.388,45.000
19.584,-131.165,-87.409,33.690
19.658,-129.259,-87.956,35.538
19.687,-131.867,-87.956,35.538
19.724,-122.908,-87.356,45.000
19.754,-131.690,-87.356,45.000
19.794,-131.646,-87.398,45.000
19.865,-138.987,-87.855,36.870
19.892,-144.623,-87.855,36.870
19.934,-151.869,-87.909,29.055
19.956,-153.169,-87.909,29.055
20.004,-145.138,-87.764,37.875
20.075,-138.449,-87.796,45.000
20.092,-134.730,-87.796,45.000
20.144,-145.306,-87.871,33.690
20.155,-139.313,-87.871,33.690
20.214,-142.725,-88.339,29.745
20.285,-143.854,-87.758,29.055
20.287,-136.799,-87.758,29.055
20.354,-141.512,-87.298,24.444
20.355,-139.188,-87.298,24.444
20.425,-139.598,-87.707,23.962
20.488,-138.429,-87.707,23.962
20.494,-112.190,-88.112,50.194
20.556,-111.229,-88.112,50.194
20.564,-121.678,-88.128,39.806
20.634,-120.082,-87.526,41.186
20.689,-121.502,-87.526,41.186
20.709,-121.537,-87.585,41.186
20.755,-122.657,-87.585,41.186
20.774,-118.775,-87.592,45.000
20.895,-115.081,-87.810,48.814
20.895,-116.195,-87.810,48.814
20.918,-120.290,-88.052,45.000
20.955,-118.094,-88.052,45.000
20.983,-117.901,-87.811,45.000
21.054,-127.937,-87.598,34.992
21.088,-127.148,-87.598,34.992
21.124,-129.570,-87.334,32.471
21.154,-128.265,-87.334,32.471
21.194,-134.167,-87.091,26.565
21.265,-134.295,-87.519,26.565
21.292,-134.004,-87.519,26.565
21.334,-123.575,-86.497,36.870
21.356,-125.213,-86.497,36.870
21.404,-124.057,-87.280,37.875
21.474,-112.479,-87.827,49.399
21.493,-115.276,-87.827,49.399
21.544,-132.377,-87.026,32.471
21.555,-138.635,-87.026,32.471
21.614,-129.639,-87.317,41.634
21.685,-126.081,-87.601,45.000
21.688,-133.491,-87.601,45.000
21.755,-144.991,-88.111,32.005
21.755,-146.885,-88.111,32.005
21.825,-138.515,-87.915,41.186
21.889,-134.448,-87.915,41.186
21.893,-134.423,-87.639,41.634
21.956,-128.948,-87.639,41.634
21.970,-132.439,-87.756,37.875
22.034,-125.306,-87.982,45.000
22.089,-119.354,-87.982,45.000
22.106,-119.443,-87.844,45.000
22.156,-116.294,-87.844,45.000
22.174,-119.759,-87.307,41.634
22.244,-122.774,-86.996,38.660
22.289,-122.170,-86.996,38.660
22.316,-128.359,-86.851,32.471
22.357,-128.057,-86.851,32.471
22.384,-119.445,-87.421,41.186
22.455,-122.758,-87.346,37.875
22.490,-123.042,-87.346,37.875
22.524,-123.100,-87.450,37.875
22.557,-125.020,-87.450,37.875
22.594,-125.135,-87.608,37.875
22.665,-128.054,-87.573,34.992
22.691,-128.797,-87.573,34.992
22.734,-129.852,-87.211,33.690
22.756,-128.336,-87.211,33.690
22.804,-128.323,-87.192,33.690
22.874,-124.420,-87.709,37.875
22.889,-123.267,-87.709,37.875
22.944,-134.969,-88.124,26.565
22.956,-134.909,-88.124,26.565
23.014,-112.328,-87.641,48.814
23.085,-130.230,-87.361,30.964
23.089,-130.572,-87.361,30.964
23.155,-120.338,-87.464,41.186
23.155,-122.112,-87.464,41.186
23.225,-118.294,-87.598,45.000
23.290,-121.631,-87.598,45.000
23.293,-131.714,-87.100,34.992
23.357,-139.108,-87.100,34.992
23.373,-139.068,-87.148,34.992
23.434,-135.581,-87.147,38.660
23.490,-141.624,-87.147,38.660
23.505,-141.836,-87.600,37.875
23.557,-143.585,-87.600,37.875
23.574,-136.730,-87.743,45.000
23.644,-144.948,-88.307,35.538
23.690,-143.753,-88.307,35.538
23.715,-142.807,-88.025,36.870
23.757,-134.593,-88.025,36.870
23.784,-142.215,-87.924,29.055
23.855,-147.106,-87.919,23.962
23.890,-141.468,-87.919,23.962
23.924,-135.659,-88.203,29.745
23.957,-133.598,-88.203,29.745
23.994,-131.419,-87.839,32.005
24.065,-115.742,-86.805,48.013
24.090,-114.515,-86.805,48.013
24.134,-123.885,-86.854,38.660
24.156,-122.770,-86.854,38.660
24.204,-129.784,-87.777,32.005
24.274,-122.834,-87.044,38.660
24.290,-123.548,-87.044,38.660
24.345,-135.892,-87.035,26.565
24.357,-137.853,-87.035,26.565
24.414,-126.618,-87.608,37.875
24.485,-104.569,-88.391,60.255
24.490,-105.088,-88.391,60.255
24.554,-101.750,-88.239,63.435
24.557,-100.485,-88.239,63.435
24.625,-114.582,-88.185,49.399
24.690,-113.549,-88.185,49.399
24.693,-111.590,-87.105,50.711
24.758,-111.732,-87.105,50.711
24.774,-127.662,-87.402,34.992
24.834,-114.160,-87.317,48.366
24.891,-114.741,-87.317,48.366
24.910,-118.138,-87.732,45.000
24.958,-119.519,-87.732,45.000
24.974,-119.607,-87.323,45.000
25.045,-127.618,-87.634,36.870
25.091,-131.993,-87.634,36.870
25.116,-131.162,-87.346,37.875
25.157,-137.542,-87.346,37.875
25.184,-130.003,-88.079,45.000
25.254,-134.833,-88.312,39.806
25.291,-138.778,-88.312,39.806
25.324,-138.021,-87.794,41.186
25.358,-141.394,-87.794,41.186
25.396,-151.138,-87.673,30.964
25.464,-144.555,-87.764,37.875
25.492,-141.550,-87.764,37.875
25.534,-138.146,-87.606,41.634
25.558,-130.188,-87.606,41.634
25.605,-122.149,-88.114,49.399
25.674,-133.864,-87.555,37.875
25.691,-127.820,-87.555,37.875
25.745,-138.763,-87.967,26.565
25.758,-135.157,-87.967,26.565
25.814,-128.133,-87.472,33.690
25.885,-124.955,-87.584,36.870
25.891,-122.926,-87.584,36.870
25.954,-126.090,-87.398,33.690
25.958,-124.985,-87.398,33.690
26.025,-113.249,-86.683,45.000
26.092,-113.217,-86.683,45.000
26.095,-119.936,-87.079,38.660
26.158,-121.804,-87.079,38.660
26.174,-115.717,-87.537,45.000
26.235,-129.362,-88.042,32.005
26.292,-130.037,-88.042,32.005
26.305,-112.966,-87.589,48.366
26.359,-113.485,-87.589,48.366
26.374,-137.304,-87.164,24.775
26.444,-133.577,-87.509,28.610
26.493,-132.061,-87.509,28.610
26.516,-115.856,-88.252,45.000
26.559,-116.102,-88.252,45.000
26.584,-115.978,-87.869,45.000
26.654,-120.424,-87.937,40.601
26.692,-120.478,-87.937,40.601
26.724,-129.074,-87.821,32.005
26.759,-130.885,-87.821,32.005
26.795,-127.115,-86.770,36.027
26.863,-141.067,-87.462,21.801
26.893,-143.950,-87.462,21.801
26.934,-125.334,-87.888,40.601
26.960,-130.530,-87.888,40.601
27.004,-126.047,-88.094,45.000
27.073,-121.839,-88.022,49.399
27.091,-126.651,-88.022,49.399
27.144,-126.544,-88.101,49.399
27.158,-128.022,-88.101,49.399
27.214,-142.408,-87.556,34.992
27.284,-129.716,-87.597,48.366
27.291,-127.040,-87.597,48.366
27.354,-121.948,-87.976,53.130
27.357,-116.773,-87.976,53.130
27.424,-118.133,-87.600,52.125
27.492,-113.919,-87.600,52.125
27.496,-132.092,-87.618,33.690
27.559,-129.060,-87.618,33.690
27.570,-134.168,-87.119,28.610
27.634,-130.355,-86.929,32.471
27.692,-129.987,-86.929,32.471
27.704,-103.388,-87.206,59.036
27.759,-102.116,-87.206,59.036
27.774,-120.194,-87.474,41.186
27.845,-119.156,-86.907,41.987
27.893,-119.432,-86.907,41.987
27.914,-137.555,-87.255,24.444
27.960,-138.327,-87.255,24.444
27.984,-110.781,-87.244,51.340
28.054,-107.267,-87.477,55.008
28.092,-107.446,-87.477,55.008
28.125,-118.321,-88.289,45.000
28.159,-116.160,-88.289,45.000
28.194,-116.605,-88.867,45.000
28.265,-143.040,-88.080,18.435
28.293,-141.258,-88.080,18.435
28.334,-125.606,-87.731,33.690
28.360,-125.232,-87.731,33.690
28.404,-122.656,-87.017,36.027
28.483,-123.752,-87.182,34.992
28.493,-123.150,-87.182,34.992
28.545,-113.124,-87.026,45.000
28.560,-114.103,-87.026,45.000
28.614,-117.413,-87.175,41.634
28.685,-121.108,-87.346,37.875
28.692,-123.436,-87.346,37.875
28.754,-122.798,-87.125,38.660
28.759,-128.972,-87.125,38.660
28.825,-126.027,-87.650,41.186
28.894,-131.766,-87.650,41.186
28.895,-137.886,-87.449,34.992
28.960,-140.617,-87.449,34.992
28.971,-120.966,-88.247,54.462
29.035,-138.240,-88.018,36.870
29.138,-135.571,-88.018,36.870
29.139,-138.806,-87.834,33.690
29.159,-134.818,-87.834,33.690
29.174,-131.617,-87.976,36.870
29.244,-127.362,-87.465,41.634
29.293,-123.822,-87.465,41.634
29.315,-127.518,-87.489,37.875
29.359,-124.874,-87.489,37.875
29.383,-121.571,-87.536,41.186
29.454,-127.781,-87.124,34.992
29.493,-127.200,-87.124,34.992
29.524,-121.039,-87.485,41.186
29.560,-119.610,-87.485,41.186
29.594,-115.845,-87.677,45.000
29.664,-115.470,-86.813,45.000
29.693,-115.485,-86.813,45.000
29.733,-115.748,-87.197,45.000
29.759,-116.391,-87.197,45.000
29.804,-122.062,-86.998,39.289
29.874,-120.813,-87.841,41.186
29.893,-120.591,-87.841,41.186
29.943,-119.917,-87.589,41.634
29.959,-118.310,-87.589,41.634
30.015,-115.438,-88.289,45.000
30.085,-129.213,-87.624,30.964
30.092,-127.753,-87.624,30.964
30.154,-119.757,-87.294,38.660
30.159,-120.214,-87.294,38.660
30.225,-125.073,-86.813,33.690
30.294,-125.625,-86.813,33.690
30.294,-134.546,-86.709,24.775
30.360,-135.142,-86.709,24.775
30.371,-131.279,-87.072,28.610
30.434,-110.466,-87.818,49.399
30.494,-113.349,-87.818,49.399
30.507,-114.127,-87.526,48.814
30.561,-118.477,-87.526,48.814
30.574,-107.069,-88.705,59.036
30.645,-116.288,-88.286,50.194
30.694,-120.411,-88.286,50.194
30.714,-110.523,-88.308,60.255
30.761,-113.122,-88.308,60.255
30.784,-128.061,-88.258,45.000
30.854,-142.660,-88.379,29.745
30.895,-138.401,-88.379,29.745
30.924,-144.323,-87.985,23.962
30.969,-139.291,-87.985,23.962
30.996,-136.949,-87.689,26.565
31.063,-132.819,-87.480,30.964
31.093,-128.565,-87.480,30.964
31.133,-123.079,-86.647,36.870
31.160,-121.628,-86.647,36.870
31.204,-116.260,-86.499,42.274
31.273,-123.465,-87.076,34.992
31.294,-121.805,-87.076,34.992
31.344,-120.700,-86.743,36.027
31.362,-120.278,-86.743,36.027
31.414,-131.668,-86.682,24.775
31.484,-135.009,-87.619,21.801
31.493,-135.917,-87.619,21.801
31.554,-126.482,-87.461,30.964
31.560,-127.632,-87.461,30.964
31.625,-120.692,-87.617,37.875
31.694,-121.069,-87.617,37.875
31.695,-110.173,-87.864,48.814
31.761,-109.931,-87.864,48.814
31.763,-113.907,-88.024,45.000
31.836,-120.873,-87.676,37.875
31.894,-119.622,-87.676,37.875
31.903,-115.713,-87.474,41.634
31.962,-115.201,-87.474,41.634
31.974,-115.179,-87.398,41.634
32.044,-124.304,-87.050,32.471
32.096,-125.788,-87.050,32.471
32.115,-133.819,-87.188,24.444
32.161,-135.012,-87.188,24.444
32.186,-124.588,-87.148,34.992
32.254,-114.510,-87.695,45.000
32.295,-117.104,-87.695,45.000
32.324,-126.208,-88.021,35.538
32.362,-129.978,-88.021,35.538
32.396,-121.015,-87.803,45.000
32.464,-128.196,-87.546,37.875
32.497,-131.533,-87.546,37.875
32.534,-124.163,-87.953,45.000
32.564,-124.432,-87.953,45.000
32.604,-119.895,-88.141,49.399
32.675,-128.235,-87.856,41.186
32.697,-127.013,-87.856,41.186
32.744,-137.099,-87.606,30.964
32.772,-131.837,-87.606,30.964
32.814,-128.064,-87.431,34.992
32.885,-128.126,-87.353,34.992
32.894,-124.839,-87.353,34.992
32.954,-118.627,-87.575,41.186
32.969,-117.908,-87.575,41.186
33.024,-114.133,-87.345,45.000
33.094,-120.490,-86.958,38.660
33.095,-118.009,-86.958,38.660
33.162,-117.761,-86.958,38.660
33.164,-115.465,-87.505,41.186
33.235,-125.711,-87.308,30.964
33.295,-127.477,-87.308,30.964
33.303,-123.376,-87.322,34.992
33.363,-124.932,-87.322,34.992
33.374,-118.215,-87.408,41.634
33.445,-115.734,-88.538,45.000
33.495,-116.142,-88.538,45.000
33.520,-111.879,-87.564,48.366
33.562,-111.901,-87.564,48.366
33.586,-121.663,-87.436,38.660
33.655,-119.375,-87.826,41.186
33.695,-117.316,-87.826,41.186
33.724,-124.852,-87.739,33.690
33.762,-124.677,-87.739,33.690
33.796,-120.402,-87.536,37.875
33.864,-127.887,-86.869,30.256
33.897,-128.865,-86.869,30.256
33.934,-130.526,-87.072,28.610
33.965,-130.828,-87.072,28.610
34.004,-124.498,-87.124,34.992
34.075,-137.486,-87.503,21.801
34.096,-139.459,-87.503,21.801
34.144,-116.772,-87.419,45.000
34.171,-119.025,-87.419,45.000
34.214,-125.835,-87.536,37.875
34.285,-128.749,-87.402,34.992
34.305,-130.704,-87.402,34.992
34.354,-130.604,-87.495,34.992
34.369,-131.959,-87.495,34.992
34.424,-132.876,-87.811,33.690
34.494,-128.994,-87.676,37.875
34.495,-127.192,-87.676,37.875
34.562,-122.855,-87.676,37.875
34.634,-119.362,-87.408,41.634
34.695,-116.536,-87.408,41.634
34.703,-122.227,-86.994,36.027
34.762,-121.236,-86.994,36.027
34.774,-121.240,-86.835,36.027
34.845,-108.458,-87.464,48.814
34.895,-107.648,-87.464,48.814
34.920,-107.643,-87.443,48.814
34.963,-107.823,-87.443,48.814
34.988,-111.959,-88.016,45.000
35.054,-115.575,-87.565,41.186
35.096,-117.111,-87.565,41.186
35.124,-113.240,-87.555,45.000
35.162,-113.569,-87.555,45.000
35.198,-113.856,-87.892,45.000
35.264,-105.693,-87.955,53.130
35.298,-106.042,-87.955,53.130
35.334,-104.980,-88.271,54.462
35.363,-103.068,-88.271,54.462
35.404,-122.154,-88.265,35.538
35.475,-112.366,-87.960,45.000
35.497,-110.506,-87.960,45.000
35.544,-106.838,-87.437,48.366
35.568,-106.930,-87.437,48.366
35.615,-115.875,-86.847,39.289
35.685,-128.721,-86.916,26.565
35.704,-129.459,-86.916,26.565
35.754,-122.356,-87.472,33.690
35.768,-124.643,-87.472,33.690
35.825,-126.233,-87.795,32.005
35.895,-122.477,-86.873,36.027
35.895,-124.220,-86.873,36.027
35.963,-127.619,-86.873,36.027
35.964,-115.229,-87.328,48.366
36.034,-114.393,-87.720,48.814
36.096,-116.514,-87.720,48.814
36.104,-115.516,-88.066,49.399
36.163,-115.642,-88.066,49.399
36.174,-123.855,-87.511,41.634
36.244,-120.677,-87.443,45.000
36.297,-121.044,-87.443,45.000
36.319,-124.223,-87.546,41.634
36.363,-120.174,-87.546,41.634
36.384,-125.758,-88.208,35.538
36.454,-127.891,-87.680,33.690
36.497,-125.071,-87.680,33.690
36.524,-132.296,-87.012,26.565
36.564,-129.271,-87.012,26.565
36.596,-110.856,-87.677,45.000
36.665,-114.667,-87.453,41.186
36.696,-114.587,-87.453,41.186
36.734,-122.115,-87.419,33.690
36.764,-122.945,-87.419,33.690
36.805,-116.896,-86.680,39.289
36.875,-108.042,-87.275,48.366
36.896,-108.559,-87.275,48.366
36.944,-116.161,-87.720,41.186
36.970,-116.729,-87.720,41.186
37.014,-105.527,-87.591,52.125
37.085,-116.814,-87.818,41.186
37.104,-116.221,-87.818,41.186
37.156,-118.427,-87.400,38.660
37.168,-117.906,-87.400,38.660
37.224,-130.132,-87.227,26.565
37.295,-127.981,-87.832,29.055
37.295,-126.479,-87.832,29.055
37.428,-127.209,-87.832,29.055
37.429,-121.104,-87.363,34.992
37.433,-121.066,-87.227,34.992
37.496,-121.842,-87.227,34.992
37.503,-126.567,-86.794,30.256
37.563,-128.286,-86.794,30.256
37.573,-123.511,-87.148,34.992
37.644,-136.472,-87.483,21.801
37.696,-138.930,-87.483,21.801
37.714,-125.362,-86.873,36.027
37.763,-129.774,-86.873,36.027
37.785,-124.930,-88.266,39.806
37.854,-132.771,-88.006,32.005
37.897,-134.598,-88.006,32.005
37.925,-129.276,-87.634,37.875
37.963,-129.412,-87.634,37.875
37.995,-121.810,-88.264,45.000
38.064,-129.369,-87.676,37.875
38.096,-127.802,-87.676,37.875
38.134,-131.804,-87.748,33.690
38.164,-126.800,-87.748,33.690
38.204,-136.015,-87.447,24.444
38.275,-115.621,-87.819,45.000
38.296,-112.737,-87.819,45.000
38.345,-112.863,-87.429,45.000
38.369,-110.203,-87.429,45.000
38.415,-119.171,-86.796,36.027
38.489,-101.262,-86.756,53.973
38.496,-100.217,-86.756,53.973
38.555,-106.197,-86.792,48.013
38.565,-106.906,-86.792,48.013
38.624,-114.180,-87.555,41.186
38.694,-120.323,-87.322,34.992
38.696,-120.585,-87.322,34.992
38.764,-121.962,-87.322,34.992
38.764,-126.241,-87.536,30.964
38.835,-120.776,-87.158,36.027
38.897,-120.751,-87.158,36.027
38.904,-101.789,-87.504,55.008
38.964,-102.233,-87.504,55.008
38.974,-94.256,-88.177,63.435
39.044,-116.379,-87.794,41.186
39.097,-115.488,-87.794,41.186
39.125,-120.401,-87.127,36.027
39.164,-121.000,-87.127,36.027
39.185,-115.950,-87.685,41.186
39.254,-125.307,-86.520,31.608
39.298,-126.833,-86.520,31.608
39.327,-131.869,-86.866,26.565
39.364,-132.515,-86.866,26.565
39.396,-114.260,-86.977,45.000
39.465,-120.529,-87.008,38.660
39.498,-124.148,-87.008,38.660
39.534,-134.411,-86.686,28.301
39.564,-136.995,-86.686,28.301
39.604,-131.075,-87.654,33.690
39.675,-129.987,-87.440,34.992
39.697,-131.772,-87.440,34.992
39.745,-125.328,-87.484,41.634
39.770,-123.894,-87.484,41.634
39.814,-127.370,-87.634,37.875
39.885,-128.045,-87.925,36.870
39.904,-126.054,-87.925,36.870
39.955,-124.519,-87.020,39.289
39.968,-120.643,-87.020,39.289
40.023,-121.104,-87.254,38.660
40.095,-127.275,-87.061,32.471
40.098,-124.615,-87.061,32.471
40.165,-132.494,-87.199,24.444
40.166,-130.482,-87.199,24.444
40.234,-122.483,-86.929,32.471
40.298,-121.522,-86.929,32.471
40.304,-112.371,-87.163,41.634
40.365,-112.671,-87.163,41.634
40.384,-120.841,-87.493,33.690
40.444,-138.107,-87.628,16.699
40.499,-138.920,-87.628,16.699
40.518,-117.288,-87.508,37.875
40.566,-118.171,-87.508,37.875
40.585,-111.744,-88.516,45.000
40.654,-126.111,-88.785,30.964
40.698,-125.467,-88.785,30.964
40.727,-97.677,-88.077,57.995
40.765,-97.093,-88.077,57.995
40.795,-113.184,-87.520,41.634
40.865,-114.572,-88.052,40.601
40.898,-114.113,-88.052,40.601
40.934,-109.473,-87.574,45.000
40.965,-109.153,-87.574,45.000
41.004,-104.835,-87.961,49.399
41.075,-116.255,-87.368,37.875
41.098,-117.859,-87.368,37.875
41.144,-122.035,-87.451,33.690
41.169,-122.850,-87.451,33.690
41.214,-121.654,-87.148,34.992
41.285,-118.731,-87.368,37.875
41.303,-121.999,-87.368,37.875
41.354,-106.705,-87.745,53.130
41.367,-108.877,-87.745,53.130
41.424,-123.516,-87.233,38.660
41.494,-120.411,-87.474,41.634
41.497,-122.444,-87.474,41.634
41.564,-116.507,-87.219,48.013
41.565,-116.041,-87.219,48.013
41.634,-130.988,-87.324,32.471
41.698,-128.553,-87.324,32.471
41.703,-122.507,-87.353,38.660
41.765,-120.671,-87.353,38.660
41.773,-114.122,-87.884,45.000
41.844,-125.416,-87.645,33.690
41.899,-121.770,-87.645,33.690
41.919,-128.881,-87.460,26.565
41.966,-129.130,-87.460,26.565
41.984,-123.203,-86.966,32.471
42.054,-106.311,-87.845,49.399
42.100,-105.423,-87.845,49.399
42.126,-113.572,-87.516,41.186
42.165,-114.149,-87.516,41.186
42.195,-123.565,-87.821,32.005
42.265,-114.946,-87.937,40.601
42.298,-116.555,-87.937,40.601
42.334,-108.114,-87.720,48.814
42.365,-108.721,-87.720,48.814
42.404,-108.980,-87.474,48.366
42.475,-105.873,-87.343,51.340
42.499,-105.568,-87.343,51.340
42.544,-122.240,-88.234,35.538
42.567,-120.811,-88.234,35.538
42.614,-125.067,-87.581,30.964
42.684,-122.372,-87.706,33.690
42.703,-122.095,-87.706,33.690
42.754,-110.767,-87.861,45.000
42.767,-109.665,-87.861,45.000
42.825,-134.225,-88.066,20.556
42.895,-122.688,-87.821,32.005
42.898,-123.648,-87.821,32.005
42.964,-131.680,-87.707,23.962
42.965,-134.284,-87.707,23.962
43.034,-122.733,-87.997,35.538
43.099,-125.079,-87.997,35.538
43.103,-116.119,-87.419,45.000
43.166,-119.353,-87.419,45.000
43.174,-131.628,-87.906,32.005
43.244,-126.915,-87.863,36.870
43.300,-128.127,-87.863,36.870
43.318,-127.359,-87.626,37.875
43.367,-127.128,-87.626,37.875
43.384,-124.061,-88.094,40.601
43.454,-131.077,-87.772,33.690
43.500,-128.216,-87.772,33.690
43.525,-121.783,-88.367,39.806
43.567,-120.609,-88.367,39.806
43.596,-106.181,-88.141,54.462
43.664,-115.754,-87.794,45.000
43.699,-114.246,-87.794,45.000
43.735,-130.127,-87.651,29.055
43.767,-127.956,-87.651,29.055
43.804,-128.374,-87.060,28.610
43.875,-116.414,-87.836,40.601
43.903,-115.354,-87.836,40.601
43.944,-106.530,-87.854,49.399
43.966,-106.025,-87.854,49.399
44.014,-98.895,-87.503,56.310
44.084,-106.779,-87.328,48.366
44.103,-107.509,-87.328,48.366
44.154,-116.445,-86.964,39.289
44.166,-116.755,-86.964,39.289
44.224,-104.841,-87.343,51.340
44.295,-118.722,-87.643,37.875
44.299,-118.772,-87.643,37.875
44.364,-127.522,-88.339,29.745
44.366,-125.754,-88.339,29.745
44.434,-119.811,-88.182,35.538
44.500,-118.130,-88.182,35.538
44.503,-112.968,-88.007,40.601
44.567,-113.463,-88.007,40.601
44.585,-108.926,-87.208,45.000
44.644,-124.986,-87.660,29.055
44.701,-125.970,-87.660,29.055
44.717,-115.195,-88.189,39.806
44.767,-118.328,-88.189,39.806
44.784,-123.471,-87.159,34.992
44.854,-119.890,-87.044,38.660
44.900,-122.183,-87.044,38.660
44.925,-115.669,-87.479,45.000
44.967,-119.099,-87.479,45.000
44.995,-127.754,-88.141,35.538
45.064,-131.320,-87.999,32.005
45.100,-132.437,-87.999,32.005
45.134,-132.399,-88.042,32.005
45.168,-132.601,-88.042,32.005
45.204,-123.864,-87.810,41.186
45.275,-123.692,-87.529,41.634
45.302,-121.224,-87.529,41.634
45.344,-125.615,-87.887,36.870
45.367,-122.500,-87.887,36.870
45.415,-130.919,-87.262,28.610
45.484,-132.827,-87.499,26.565
45.514,-131.077,-87.499,26.565
45.554,-128.582,-87.632,29.055
45.664,-127.235,-87.632,29.055
45.665,-125.994,-86.714,30.256
45.697,-131.476,-86.682,24.775
45.699,-130.343,-86.682,24.775
45.763,-126.578,-87.096,28.610
45.765,-126.936,-87.096,28.610
45.834,-129.165,-87.439,26.565
45.900,-129.603,-87.439,26.565
45.903,-115.686,-87.977,40.601
45.967,-115.467,-87.977,40.601
45.973,-132.308,-87.887,23.962
46.046,-120.790,-87.468,34.992
46.100,-120.687,-87.468,34.992
46.117,-123.150,-87.315,32.471
46.167,-122.278,-87.315,32.471
46.184,-109.801,-87.653,45.000
46.254,-121.270,-87.723,33.690
46.301,-120.426,-87.723,33.690
46.326,-108.870,-87.250,45.000
46.367,-108.409,-87.250,45.000
46.395,-105.601,-86.702,47.726
46.464,-114.062,-86.785,39.289
46.501,-116.474,-86.785,39.289
46.534,-123.619,-87.813,32.005
46.569,-124.463,-87.813,32.005
46.604,-115.159,-87.220,41.634
46.674,-119.675,-87.737,36.870
46.702,-121.901,-87.737,36.870
46.744,-121.878,-87.772,36.870
46.767,-125.350,-87.772,36.870
46.814,-124.559,-87.536,37.875
46.884,-121.452,-88.066,40.601
46.901,-122.939,-88.066,40.601
46.954,-126.700,-87.940,36.870
46.968,-125.656,-87.940,36.870
47.024,-130.426,-87.324,32.471
47.095,-117.689,-87.938,45.000
47.100,-116.416,-87.938,45.000
47.165,-120.099,-87.398,41.634
47.167,-117.432,-87.398,41.634
47.234,-123.130,-86.994,36.027
47.303,-120.373,-86.994,36.027
47.303,-117.741,-87.091,38.660
47.326,-121.371,-87.216,34.992
47.350,-123.910,-86.978,32.471
47.368,-122.630,-87.462,33.690
47.368,-122.799,-87.462,33.690
47.385,-111.495,-87.667,45.000
47.404,-119.632,-87.653,36.870
47.426,-124.516,-87.777,32.005
47.450,-127.452,-87.554,29.055
47.468,-114.813,-87.140,41.634
47.484,-121.464,-87.136,34.992
47.502,-121.223,-87.136,34.992
47.504,-121.230,-87.159,34.992
47.526,-107.792,-87.220,48.366
47.549,-104.067,-87.357,52.125
47.568,-122.652,-87.503,33.690
47.568,-122.112,-87.503,33.690
47.584,-121.690,-86.685,33.690
47.604,-132.109,-87.779,23.962
47.626,-124.820,-87.392,30.964
47.650,-114.610,-87.650,41.186
47.667,-124.849,-87.451,30.964
47.684,-129.369,-87.566,26.565
47.701,-129.733,-87.566,26.565
47.704,-127.325,-87.775,29.055
47.726,-118.216,-87.555,37.875
47.750,-117.247,-87.304,38.660
47.768,-121.092,-87.477,34.992
47.768,-121.884,-87.477,34.992
47.785,-114.550,-87.189,41.987
47.804,-111.855,-87.653,45.000
47.826,-115.820,-87.786,41.186
47.849,-111.633,-87.369,45.000
47.868,-111.874,-87.678,45.000
47.884,-115.826,-87.794,41.186
47.902,-114.154,-87.794,41.186
47.955,-124.386,-87.589,30.964
47.968,-123.815,-87.589,30.964
48.024,-128.308,-87.646,26.565
48.095,-125.848,-87.775,29.055
48.101,-125.173,-87.775,29.055
48.165,-117.305,-87.789,36.870
48.167,-117.263,-87.789,36.870
48.235,-120.418,-87.542,33.690
48.303,-121.217,-87.542,33.690
48.303,-118.978,-86.873,36.027
48.369,-121.658,-86.873,36.027
48.373,-112.583,-87.377,45.000
48.444,-121.648,-86.898,36.027
48.508,-125.160,-86.898,36.027
48.514,-122.987,-87.479,37.875
48.569,-125.288,-87.479,37.875
48.584,-117.454,-88.471,45.000
48.654,-117.721,-88.173,45.000
48.703,-119.544,-88.173,45.000
48.726,-111.798,-87.917,53.130
48.769,-110.966,-87.917,53.130
48.795,-123.133,-88.087,40.601
48.864,-130.162,-87.748,33.690
48.903,-127.799,-87.748,33.690
48.934,-130.609,-87.508,30.964
48.970,-128.606,-87.508,30.964
49.004,-128.619,-87.471,30.964
49.074,-130.434,-87.679,29.055
49.102,-128.164,-87.679,29.055
49.144,-116.092,-87.526,41.186
49.169,-115.207,-87.526,41.186
49.215,-118.497,-87.303,37.875
49.284,-125.420,-87.264,30.964
49.303,-124.133,-87.264,30.964
49.355,-113.923,-87.526,41.186
49.370,-113.332,-87.526,41.186
49.424,-116.635,-87.450,37.875
49.495,-101.504,-87.863,53.130
49.503,-102.178,-87.863,53.130
49.564,-112.909,-87.158,41.987
49.569,-112.634,-87.158,41.987
49.635,-118.412,-87.932,36.870
49.703,-118.383,-87.932,36.870
49.703,-117.165,-87.643,37.875
49.769,-116.061,-87.643,37.875
49.773,-113.530,-88.059,40.601
49.845,-118.850,-87.402,34.992
49.903,-118.311,-87.402,34.992
49.915,-124.699,-87.262,28.610
49.970,-124.782,-87.262,28.610
49.984,-122.435,-87.371,30.964
50.054,-113.670,-88.196,39.806
50.103,-114.936,-88.196,39.806
50.126,-109.860,-87.377,45.000
50.170,-112.287,-87.377,45.000
50.194,-123.441,-87.493,33.690
50.264,-127.963,-87.670,29.055
50.303,-130.756,-87.670,29.055
50.334,-118.833,-87.668,41.186
50.370,-121.666,-87.668,41.186
50.404,-126.842,-88.148,35.538
50.474,-113.270,-88.059,49.399
50.503,-113.569,-88.059,49.399
50.544,-114.368,-87.810,48.814
50.570,-113.071,-87.810,48.814
50.614,-129.404,-88.049,32.005
50.685,-137.821,-88.384,23.199
50.703,-137.031,-88.384,23.199
50.754,-123.024,-87.564,37.875
50.770,-120.450,-87.564,37.875
50.824,-121.365,-87.797,36.870
50.895,-116.835,-87.264,41.634
50.903,-114.562,-87.264,41.634
50.964,-114.984,-87.505,41.186
50.970,-114.064,-87.505,41.186
51.035,-128.635,-86.866,26.565
51.103,-128.201,-86.866,26.565
51.104,-130.465,-87.199,24.444
51.170,-130.371,-87.199,24.444
51.181,-109.647,-87.419,45.000
51.245,-116.881,-87.479,37.875
51.304,-117.679,-87.479,37.875
51.318,-116.695,-87.223,38.660
51.371,-116.945,-87.223,38.660
51.384,-124.300,-87.999,32.005
51.454,-119.305,-87.925,36.870
51.505,-117.361,-87.925,36.870
51.527,-115.137,-87.343,38.660
51.572,-114.201,-87.343,38.660
51.594,-130.442,-87.274,22.620
51.664,-124.436,-86.847,28.301
51.703,-124.719,-86.847,28.301
51.734,-110.981,-87.027,41.987
51.770,-111.252,-87.027,41.987
51.804,-115.407,-87.368,37.875
51.874,-111.625,-87.198,41.634
51.904,-112.271,-87.198,41.634
51.944,-120.132,-87.503,33.690
51.971,-122.066,-87.503,33.690
52.014,-115.067,-87.879,40.601
52.085,-114.290,-87.307,41.634
52.107,-116.415,-87.307,41.634
52.154,-124.025,-87.599,33.690
52.170,-125.980,-87.599,33.690
52.225,-132.241,-88.555,26.565
52.294,-109.113,-88.343,50.194
52.303,-110.626,-88.343,50.194
52.365,-106.537,-88.202,54.462
52.370,-105.708,-88.202,54.462
52.435,-119.171,-87.770,41.186
52.504,-124.718,-87.095,36.027
52.505,-122.768,-87.095,36.027
52.571,-121.518,-87.095,36.027
52.573,-119.559,-87.527,37.875
52.645,-119.582,-87.450,37.875
52.705,-117.788,-87.450,37.875
52.715,-120.676,-87.193,34.992
52.772,-119.842,-87.193,34.992
52.783,-106.040,-87.495,48.814
52.855,-88.852,-87.698,66.038
52.905,-89.292,-87.698,66.038
52.931,-100.097,-87.159,55.008
53.057,-100.174,-87.159,55.008
53.057,-106.697,-87.613,48.814
53.078,-101.334,-88.105,54.462
53.103,-101.410,-88.105,54.462
53.133,-99.241,-87.689,56.310
53.171,-99.355,-87.689,56.310
53.203,-107.169,-87.456,48.366
53.274,-117.924,-87.626,37.875
53.304,-117.685,-87.626,37.875
53.344,-113.781,-87.474,41.634
53.370,-112.149,-87.474,41.634
53.414,-117.150,-87.871,36.870
53.484,-104.611,-88.007,49.399
53.504,-104.247,-88.007,49.399
53.553,-116.747,-87.763,36.870
53.570,-116.840,-87.763,36.870
53.623,-122.729,-87.329,30.964
53.694,-116.836,-87.672,36.870
53.703,-118.253,-87.672,36.870
53.763,-115.222,-88.203,39.806
53.770,-116.976,-88.203,39.806
53.835,-106.647,-88.218,50.194
53.905,-108.310,-87.622,48.814
53.905,-110.595,-87.622,48.814
53.971,-111.589,-87.622,48.814
53.974,-124.230,-88.134,35.538
54.045,-121.816,-87.294,38.660
54.104,-121.822,-87.294,38.660
54.116,-115.602,-87.321,45.000
54.172,-114.953,-87.321,45.000
54.183,-108.723,-87.304,51.340
54.254,-114.740,-87.609,45.000
54.305,-114.134,-87.609,45.000
54.331,-124.138,-87.353,34.992
54.373,-122.434,-87.353,34.992
54.398,-125.259,-87.946,32.005
54.464,-123.683,-87.532,33.690
54.506,-121.504,-87.532,33.690
54.534,-113.570,-87.220,41.634
54.573,-113.202,-87.220,41.634
54.606,-118.750,-86.861,36.027
54.674,-116.147,-87.044,38.660
54.707,-115.397,-87.044,38.660
54.744,-109.167,-87.398,45.000
54.774,-109.080,-87.398,45.000
54.826,-117.871,-86.935,36.027
54.883,-105.806,-87.038,48.013
54.906,-106.324,-87.038,48.013
54.954,-106.072,-87.745,48.814
54.973,-106.052,-87.745,48.814
55.024,-113.105,-87.484,41.634
55.094,-106.288,-87.474,48.366
55.104,-105.071,-87.474,48.366
55.163,-105.199,-87.147,48.013
55.170,-105.238,-87.147,48.013
55.234,-116.812,-87.855,36.870
55.304,-127.078,-87.528,26.565
55.305,-126.396,-87.528,26.565
55.372,-126.923,-87.528,26.565
55.374,-121.494,-87.865,32.005
55.444,-118.484,-87.182,34.992
55.505,-120.246,-87.182,34.992
55.519,-121.479,-87.493,33.690
55.572,-123.744,-87.493,33.690
55.583,-117.389,-88.189,39.806
55.655,-112.274,-88.102,45.000
55.705,-114.531,-88.102,45.000
55.730,-123.866,-88.112,35.538
55.773,-125.255,-88.112,35.538
55.799,-120.007,-87.729,41.186
55.864,-119.974,-87.770,41.186
55.907,-119.161,-87.770,41.186
55.973,-116.924,-87.770,41.186
56.006,-124.334,-87.714,33.690
56.075,-125.851,-87.204,32.471
56.108,-123.823,-87.204,32.471
56.144,-119.211,-87.806,36.870
56.174,-115.895,-87.806,36.870
56.214,-126.202,-87.499,26.565
56.285,-111.008,-86.920,41.987
56.307,-109.870,-86.920,41.987
56.355,-120.892,-87.297,30.964
56.382,-120.061,-87.297,30.964
56.424,-118.468,-86.966,32.471
56.495,-102.851,-86.882,48.013
56.515,-101.890,-86.882,48.013
56.564,-109.079,-87.575,41.186
56.580,-108.853,-87.575,41.186
56.634,-105.175,-87.819,45.000
56.705,-92.173,-87.194,57.529
56.705,-93.094,-87.194,57.529
56.773,-93.408,-87.194,57.529
56.774,-109.049,-87.189,41.987
56.844,-112.541,-87.343,38.660
56.906,-111.740,-87.343,38.660
56.914,-116.532,-86.976,33.690
56.973,-116.155,-86.976,33.690
56.983,-125.718,-87.409,24.444
57.055,-119.130,-87.432,30.964
57.106,-119.271,-87.432,30.964
57.130,-112.333,-87.460,37.875
57.173,-113.078,-87.460,37.875
57.197,-117.265,-87.513,33.690
57.264,-114.093,-87.682,36.870
57.306,-115.644,-87.682,36.870
57.335,-115.641,-87.691,36.870
57.373,-118.193,-87.691,36.870
57.406,-130.633,-87.255,24.444
57.475,-117.304,-87.470,37.875
57.508,-118.809,-87.470,37.875
57.544,-111.761,-87.518,45.000
57.574,-112.289,-87.518,45.000
57.614,-111.981,-87.884,45.000
57.685,-111.961,-87.908,45.000
57.708,-112.375,-87.908,45.000
57.755,-112.362,-87.923,45.000
57.782,-112.389,-87.923,45.000
57.824,-127.439,-87.055,30.256
57.895,-123.698,-87.680,33.690
57.915,-122.141,-87.680,33.690
57.964,-107.173,-87.650,48.814
57.980,-104.387,-87.650,48.814
58.034,-108.081,-88.079,45.000
58.104,-98.656,-88.029,54.462
58.106,-97.524,-88.029,54.462
58.174,-96.613,-88.029,54.462
58.174,-109.775,-87.536,41.186
58.244,-94.618,-87.513,56.310
58.307,-95.372,-87.513,56.310
58.314,-106.326,-86.749,45.000
58.374,-106.805,-86.749,45.000
58.384,-107.086,-87.154,45.000
58.454,-117.329,-87.322,34.992
58.507,-117.665,-87.322,34.992
58.530,-116.429,-87.084,36.027
58.574,-117.232,-87.084,36.027
58.597,-124.989,-87.353,28.610
58.664,-118.555,-87.449,34.992
58.707,-117.776,-87.449,34.992
58.734,-121.900,-87.518,30.964
58.773,-122.848,-87.518,30.964
58.806,-128.881,-86.931,24.775
58.875,-121.148,-87.096,32.471
58.907,-121.138,-87.096,32.471
58.944,-120.020,-87.581,33.690
58.975,-120.500,-87.581,33.690
59.014,-124.429,-88.168,29.745
59.085,-114.377,-88.196,39.806
59.107,-114.582,-88.196,39.806
59.155,-117.620,-87.728,36.870
59.181,-119.306,-87.728,36.870
59.224,-107.555,-87.575,48.814
59.295,-122.502,-87.609,33.690
59.315,-124.395,-87.609,33.690
59.364,-116.969,-87.694,41.186
59.379,-116.952,-87.694,41.186
59.435,-133.697,-87.911,23.962
59.504,-107.513,-88.373,50.194
59.506,-106.847,-88.373,50.194
59.574,-112.333,-87.938,45.000
59.574,-109.883,-87.938,45.000
59.645,-113.524,-87.437,41.634
59.707,-111.688,-87.437,41.634
59.713,-116.262,-87.814,36.870
59.774,-114.338,-87.814,36.870
59.784,-116.290,-87.281,34.992
59.855,-110.072,-87.594,41.186
59.907,-109.467,-87.594,41.186
59.929,-101.274,-87.871,49.399
59.974,-100.652,-87.871,49.399
59.996,-111.179,-87.032,38.660
60.064,-120.992,-87.603,29.055
60.107,-121.102,-87.603,29.055
60.134,-108.856,-87.565,41.186
60.174,-108.966,-87.565,41.186
60.206,-121.492,-86.712,28.301
60.275,-112.296,-87.546,37.875
60.307,-112.725,-87.546,37.875
60.344,-101.846,-87.754,48.814
60.374,-101.863,-87.754,48.814
60.414,-95.408,-87.440,55.008
60.484,-98.427,-87.608,52.125
60.507,-98.364,-87.608,52.125
60.556,-112.685,-87.573,37.875
60.579,-111.909,-87.573,37.875
60.625,-123.103,-87.057,26.565
60.695,-121.169,-86.647,28.301
60.714,-121.601,-86.647,28.301
60.765,-119.682,-86.845,30.256
60.779,-121.330,-86.845,30.256
60.835,-131.616,-87.309,19.983
60.905,-111.017,-87.879,40.601
60.907,-111.904,-87.879,40.601
60.974,-107.401,-88.412,45.000
60.974,-108.593,-88.412,45.000
61.045,-108.876,-87.794,45.000
61.107,-110.756,-87.794,45.000
61.113,-115.000,-87.961,40.601
61.175,-115.570,-87.961,40.601
61.184,-111.288,-87.877,45.000
61.305,-111.503,-87.592,45.000
61.307,-110.948,-87.592,45.000
61.324,-122.005,-87.714,33.690
61.374,-121.436,-87.714,33.690
61.394,-105.701,-88.037,49.399
61.464,-107.640,-87.083,48.013
61.508,-106.444,-87.083,48.013
61.534,-109.290,-87.469,45.000
61.574,-106.686,-87.469,45.000
61.604,-99.588,-87.409,52.125
61.674,-102.869,-87.555,48.814
61.707,-101.800,-87.555,48.814
61.744,-115.593,-87.182,34.992
61.775,-115.245,-87.182,34.992
61.814,-112.407,-87.368,37.875
61.885,-115.253,-87.205,34.992
61.908,-115.472,-87.205,34.992
61.954,-113.852,-87.737,36.870
61.980,-113.804,-87.737,36.870
62.024,-111.598,-87.158,38.660
62.095,-108.765,-87.408,41.634
62.112,-109.418,-87.408,41.634
62.164,-117.677,-87.697,33.690
62.176,-117.885,-87.697,33.690
62.234,-122.284,-88.308,29.745
62.304,-119.799,-88.006,32.005
62.307,-118.911,-88.006,32.005
62.374,-108.851,-87.408,41.634
62.375,-109.446,-87.408,41.634
62.444,-109.413,-87.328,41.634
62.509,-109.375,-87.328,41.634
62.513,-117.381,-87.562,33.690
62.575,-118.645,-87.562,33.690
62.583,-121.375,-87.329,30.964
62.654,-107.361,-87.429,45.000
62.708,-107.795,-87.429,45.000
62.729,-107.622,-88.064,45.000
62.775,-109.973,-88.064,45.000
62.795,-100.554,-88.075,54.462
62.864,-110.096,-87.811,45.000
62.909,-111.388,-87.811,45.000
62.934,-115.243,-87.677,41.186
62.976,-115.846,-87.677,41.186
63.005,-119.961,-87.879,36.870
63.075,-116.162,-88.052,40.601
63.108,-116.331,-88.052,40.601
63.144,-120.132,-87.871,36.870
63.175,-118.743,-87.871,36.870
63.214,-123.487,-87.999,32.005
63.285,-118.763,-87.831,36.870
63.308,-117.501,-87.831,36.870
63.354,-119.535,-87.281,34.992
63.381,-117.875,-87.281,34.992
63.424,-104.060,-87.585,48.814
63.495,-104.062,-87.565,48.814
63.514,-103.413,-87.565,48.814
63.564,-95.914,-87.523,56.310
63.577,-95.073,-87.523,56.310
63.635,-106.140,-86.710,45.000
63.704,-113.527,-87.430,37.875
63.707,-113.252,-87.430,37.875
63.774,-106.265,-87.803,45.000
63.775,-106.933,-87.803,45.000
63.844,-116.750,-87.343,34.992
63.909,-115.918,-87.343,34.992
63.913,-96.879,-88.168,54.462
63.976,-96.624,-88.168,54.462
63.984,-102.011,-87.754,48.814
64.054,-111.094,-86.976,39.289
64.108,-111.359,-86.976,39.289
64.129,-99.867,-86.987,50.711
64.176,-99.575,-86.987,50.711
64.195,-116.638,-86.873,33.690
64.264,-111.734,-87.158,38.660
64.309,-111.877,-87.158,38.660
64.335,-119.619,-87.361,30.964
64.376,-120.658,-87.361,30.964
64.405,-128.995,-87.035,22.620
64.475,-113.009,-87.044,38.660
64.509,-115.030,-87.044,38.660
64.544,-119.814,-87.523,33.690
64.576,-120.415,-87.523,33.690
64.614,-120.386,-87.581,33.690
64.685,-118.297,-88.105,35.538
64.709,-120.263,-88.105,35.538
64.754,-119.113,-87.839,36.870
64.780,-119.476,-87.839,36.870
64.825,-129.157,-88.582,26.565
64.895,-121.583,-87.449,34.992
64.913,-120.088,-87.449,34.992
64.964,-126.407,-87.353,28.610
64.978,-125.722,-87.353,28.610
65.035,-135.477,-87.973,18.435
65.104,-104.835,-87.985,49.399
65.108,-103.059,-87.985,49.399
65.175,-110.763,-86.968,41.987
65.176,-109.165,-86.968,41.987
65.244,-118.646,-87.003,32.471
65.309,-118.310,-87.003,32.471
65.314,-108.766,-86.895,41.987
65.376,-108.948,-86.895,41.987
65.384,-113.967,-86.511,36.870
65.454,-112.351,-87.068,38.660
65.510,-112.494,-87.068,38.660
65.540,-113.476,-87.450,37.875
65.576,-113.903,-87.450,37.875
65.595,-103.002,-87.650,48.814
65.664,-106.975,-87.861,45.000
65.709,-107.785,-87.861,45.000
65.737,-103.884,-87.770,48.814
65.776,-103.326,-87.770,48.814
65.807,-111.769,-88.052,40.601
65.874,-123.487,-87.353,28.610
65.909,-124.001,-87.353,28.610
65.945,-118.644,-86.896,33.690
65.976,-119.152,-86.896,33.690
66.014,-110.847,-87.038,41.987
66.085,-113.475,-86.772,39.289
66.109,-113.455,-86.772,39.289
66.154,-107.818,-87.419,45.000
66.179,-108.599,-87.419,45.000
66.224,-112.389,-87.565,41.186
66.295,-123.749,-88.160,29.745
66.313,-124.785,-88.160,29.745
66.365,-114.764,-88.225,39.806
66.377,-116.774,-88.225,39.806
66.435,-116.122,-87.961,40.601
66.504,-116.114,-87.977,40.601
66.509,-116.350,-87.977,40.601
66.574,-121.260,-88.127,35.538
66.576,-121.290,-88.127,35.538
66.645,-115.720,-87.446,41.634
66.710,-114.931,-87.446,41.634
66.713,-111.892,-87.002,45.000
66.777,-110.273,-87.002,45.000
66.784,-119.086,-87.105,36.027
66.854,-110.152,-87.250,45.000
66.910,-108.279,-87.250,45.000
66.928,-118.208,-87.291,34.992
66.978,-117.036,-87.291,34.992
66.994,-125.456,-86.953,26.565
67.064,-121.053,-87.308,30.964
67.110,-119.849,-87.308,30.964
67.135,-118.294,-87.003,32.471
67.176,-116.959,-87.003,32.471
67.203,-104.497,-87.388,45.000
67.274,-91.649,-87.848,57.995
67.309,-91.829,-87.848,57.995
67.344,-109.325,-87.945,40.601
67.376,-110.105,-87.945,40.601
67.413,-118.768,-87.922,32.005
67.484,-109.356,-87.694,41.186
67.510,-109.184,-87.694,41.186
67.556,-105.475,-87.892,45.000
67.578,-104.829,-87.892,45.000
67.624,-107.953,-87.456,41.634
67.695,-111.808,-87.564,37.875
67.713,-110.936,-87.564,37.875
67.764,-113.738,-87.343,34.992
67.777,-114.101,-87.343,34.992
67.835,-115.267,-86.813,33.690
67.904,-106.964,-86.920,41.987
67.909,-107.780,-86.920,41.987
67.974,-114.795,-87.193,34.992
67.976,-116.193,-87.193,34.992
68.044,-113.297,-87.378,37.875
68.110,-115.024,-87.378,37.875
68.113,-115.010,-87.420,37.875
68.177,-116.027,-87.420,37.875
68.184,-120.082,-87.571,33.690
68.254,-123.772,-86.930,30.256
68.311,-125.535,-86.930,30.256
68.329,-124.560,-87.432,30.964
68.378,-124.291,-87.432,30.964
68.394,-126.655,-87.333,28.610
68.464,-117.399,-87.591,37.875
68.512,-117.364,-87.591,37.875
68.541,-114.401,-88.037,40.601
68.578,-112.536,-88.037,40.601
68.604,-116.329,-87.839,36.870
68.675,-129.091,-87.847,23.962
68.710,-127.555,-87.847,23.962
68.744,-120.710,-87.392,30.964
68.785,-119.378,-87.392,30.964
68.814,-115.368,-87.216,34.992
68.884,-115.371,-87.159,34.992
68.925,-115.176,-87.159,34.992
68.955,-115.180,-87.182,34.992
69.000,-114.546,-87.182,34.992
69.024,-111.720,-87.389,37.875
69.094,-117.807,-87.898,32.005
69.131,-117.754,-87.898,32.005
69.164,-115.910,-87.618,33.690
69.183,-116.329,-87.618,33.690
69.234,-104.856,-87.537,45.000
69.304,-110.620,-88.331,39.806
69.317,-111.148,-88.331,39.806
69.374,-109.348,-87.737,41.186
69.383,-108.427,-87.737,41.186
69.444,-115.952,-87.671,33.690
69.572,-114.450,-87.363,34.992
69.573,-113.612,-87.363,34.992
69.588,-92.342,-87.636,56.310
69.588,-92.247,-87.636,56.310
69.654,-99.742,-87.622,48.814
69.720,-100.004,-87.622,48.814
69.723,-113.315,-88.037,35.538
69.786,-114.600,-88.037,35.538
69.793,-100.797,-87.888,49.399
69.865,-105.312,-87.109,45.000
69.920,-106.566,-87.109,45.000
69.934,-131.248,-87.330,19.983
69.987,-133.384,-87.330,19.983
70.010,-122.565,-87.402,30.964
70.054,-123.138,-87.402,30.964
70.094,-109.015,-87.844,45.000
70.144,-118.178,-88.148,35.538
70.188,-118.214,-88.148,35.538
70.222,-116.288,-87.564,37.875
70.254,-116.218,-87.564,37.875
70.286,-109.355,-87.271,45.000
70.355,-125.475,-87.313,28.610
70.387,-124.127,-87.313,28.610
70.424,-111.526,-87.694,41.186
70.494,-111.242,-87.328,41.634
70.521,-109.580,-87.328,41.634
70.564,-106.205,-87.429,45.000
70.588,-105.312,-87.429,45.000
70.635,-123.725,-87.439,26.565
70.660,-122.133,-87.439,26.565
70.704,-116.117,-87.003,32.471
70.775,-113.624,-87.182,34.992
70.795,-113.596,-87.182,34.992
70.845,-117.722,-87.350,30.964
70.915,-108.271,-87.969,40.601
70.928,-109.188,-87.969,40.601
70.985,-107.304,-87.115,41.987
70.987,-108.423,-87.115,41.987
71.055,-105.496,-87.281,45.000
71.055,-105.084,-87.281,45.000
71.124,-105.299,-87.601,45.000
71.188,-105.101,-87.601,45.000
71.193,-105.287,-87.923,45.000
71.255,-105.524,-87.923,45.000
71.263,-105.373,-87.574,45.000
71.334,-113.652,-87.822,36.870
71.389,-113.680,-87.822,36.870
71.410,-123.960,-87.519,26.565
71.456,-125.003,-87.519,26.565
71.476,-116.565,-87.238,34.992
71.546,-109.926,-87.231,41.634
71.590,-111.149,-87.231,41.634
71.614,-114.864,-87.378,37.875
71.655,-116.431,-87.378,37.875
71.686,-118.439,-86.873,36.027
71.755,-116.420,-87.409,37.875
71.788,-117.452,-87.409,37.875
71.824,-114.051,-87.659,41.186
71.895,-105.721,-88.000,49.399
71.923,-106.908,-88.000,49.399
71.964,-111.362,-87.852,45.000
71.989,-112.897,-87.852,45.000
72.035,-116.732,-87.745,41.186
72.062,-115.353,-87.745,41.186
72.104,-125.556,-87.518,30.964
72.174,-111.663,-87.583,45.000
72.192,-109.947,-87.583,45.000
72.244,-113.369,-87.369,41.634
72.314,-105.438,-87.929,49.399
72.325,-103.876,-87.929,49.399
72.384,-115.453,-87.389,37.875
72.388,-114.143,-87.389,37.875
72.455,-107.036,-87.732,45.000
72.523,-106.310,-87.732,45.000
72.524,-116.219,-87.193,34.992
72.590,-116.124,-87.193,34.992
72.593,-110.049,-87.575,41.186
72.656,-110.076,-87.575,41.186
72.664,-102.023,-87.921,49.399
72.734,-106.372,-87.803,45.000
72.790,-105.529,-87.803,45.000
72.810,-102.004,-87.083,48.013
72.856,-102.546,-87.083,48.013
72.874,-112.103,-87.254,38.660
72.944,-111.264,-86.953,39.289
72.991,-112.084,-86.953,39.289
73.014,-135.443,-87.769,16.699
73.056,-135.185,-87.769,16.699
73.086,-114.853,-87.839,36.870
73.154,-110.444,-87.677,41.186
73.189,-110.345,-87.677,41.186
73.229,-106.548,-87.785,45.000
73.256,-106.650,-87.785,45.000
73.294,-98.522,-87.728,53.130
73.365,-98.522,-87.709,53.130
73.390,-99.685,-87.709,53.130
73.434,-111.234,-87.253,41.634
73.504,-120.708,-87.856,32.005
73.525,-121.874,-87.856,32.005
73.574,-125.918,-86.725,28.301
73.592,-127.105,-86.725,28.301
73.644,-126.566,-87.251,28.610
73.659,-127.023,-87.251,28.610
73.714,-128.864,-87.566,26.565
73.785,-125.539,-87.010,30.256
73.789,-124.366,-87.010,30.256
73.855,-127.442,-88.074,26.565
73.924,-126.406,-88.074,26.565
73.925,-126.609,-87.602,26.565
73.990,-125.322,-87.602,26.565
73.993,-121.007,-87.461,30.964
74.056,-119.498,-87.461,30.964
74.064,-115.503,-87.312,34.992
74.134,-98.402,-87.450,52.125
74.190,-97.772,-87.450,52.125
74.208,-113.049,-87.719,36.870
74.257,-112.737,-87.719,36.870
74.274,-104.495,-87.398,45.000
74.344,-116.974,-87.038,32.471
74.391,-117.059,-87.038,32.471
74.417,-104.617,-87.429,45.000
74.457,-104.894,-87.429,45.000
74.484,-116.379,-87.562,33.690
74.554,-114.921,-87.312,34.992
74.591,-115.000,-87.312,34.992
74.624,-111.236,-87.233,38.660
74.657,-111.075,-87.233,38.660
74.694,-117.333,-87.215,32.471
74.765,-105.128,-87.892,45.000
74.790,-104.669,-87.892,45.000
74.834,-108.412,-87.729,41.186
74.861,-108.532,-87.729,41.186
74.904,-125.925,-87.872,23.962
74.974,-118.700,-87.422,30.964
74.993,-118.898,-87.422,30.964
75.044,-117.938,-87.856,32.005
75.057,-118.653,-87.856,32.005
75.115,-102.315,-87.242,48.366
75.185,-102.315,-87.220,48.366
75.189,-103.177,-87.220,48.366
75.254,-112.870,-87.068,38.660
75.256,-114.533,-87.068,38.660
75.324,-117.196,-86.911,36.027
75.391,-117.600,-86.911,36.027
75.393,-108.257,-87.803,45.000
75.458,-108.542,-87.803,45.000
75.472,-117.709,-88.134,35.538
75.534,-115.741,-87.555,37.875
75.592,-115.901,-87.555,37.875
75.609,-125.144,-87.333,28.610
75.657,-123.749,-87.333,28.610
75.675,-115.342,-87.871,36.870
75.744,-110.650,-87.094,41.987
75.792,-109.267,-87.094,41.987
75.817,-122.478,-87.251,28.610
75.857,-120.882,-87.251,28.610
75.884,-108.844,-87.945,40.601
75.955,-107.909,-87.242,41.634
75.976,-96.371,-87.728,53.130
75.995,-95.693,-87.728,53.130
75.995,-90.838,-87.839,57.995
76.014,-98.657,-88.211,50.194
76.036,-107.622,-87.546,41.186
76.058,-103.777,-87.062,45.000
76.059,-103.161,-87.062,45.000
76.077,-106.576,-87.209,41.634
76.094,-113.231,-87.171,34.992
76.114,-117.313,-87.297,30.964
76.136,-112.906,-88.005,35.538
76.159,-107.117,-87.546,41.186
76.177,-103.346,-87.732,45.000
76.194,-104.403,-87.732,45.000
76.194,-91.442,-87.856,57.995
76.214,-100.817,-87.286,48.366
76.235,-110.494,-87.114,38.660
76.257,-100.525,-87.622,48.814
76.273,-100.533,-87.641,48.814
76.294,-125.639,-87.847,23.962
76.318,-120.466,-87.767,29.055
76.324,-121.106,-87.767,29.055
76.339,-108.829,-87.720,41.186
76.355,-101.152,-87.712,48.814
76.374,-123.802,-88.095,26.565
76.390,-123.671,-88.095,26.565
76.393,-116.211,-87.680,33.690
76.413,-109.462,-88.037,40.601
76.434,-105.133,-88.187,45.000
76.454,-100.009,-88.324,50.194
76.457,-100.315,-88.324,50.194
76.474,-105.641,-88.494,45.000
76.494,-105.252,-87.900,45.000
76.516,-97.865,-87.555,52.125
76.591,-96.540,-87.555,52.125
76.607,-112.017,-87.822,36.870
76.657,-112.250,-87.822,36.870
76.674,-120.084,-87.741,29.055
76.743,-120.356,-87.251,28.610
76.790,-120.930,-87.251,28.610
76.813,-129.616,-87.372,19.983
76.857,-130.284,-87.372,19.983
76.964,-125.833,-87.233,24.444
76.965,-119.322,-87.340,30.964
76.991,-119.975,-87.340,30.964
77.023,-126.857,-87.726,23.962
77.057,-128.505,-87.726,23.962
77.094,-117.767,-87.249,34.992
77.163,-114.172,-87.158,38.660
77.191,-115.959,-87.158,38.660
77.234,-113.185,-87.685,41.186
77.305,-117.367,-87.855,36.870
77.326,-117.489,-87.855,36.870
77.374,-124.304,-88.264,29.745
77.391,-124.853,-88.264,29.745
77.444,-110.115,-87.555,45.000
77.515,-121.247,-87.654,33.690
77.527,-119.928,-87.654,33.690
77.584,-115.202,-87.169,38.660
77.591,-113.127,-87.169,38.660
77.655,-110.132,-87.328,41.634
77.657,-109.238,-87.328,41.634
77.724,-102.521,-87.286,48.366
77.792,-100.988,-87.286,48.366
77.793,-96.281,-87.709,53.130
77.864,-97.239,-87.357,52.125
77.925,-96.126,-87.357,52.125
77.944,-95.229,-87.672,53.130
77.992,-95.030,-87.672,53.130
78.008,-99.299,-87.565,48.814
78.058,-99.745,-87.565,48.814
78.074,-115.002,-87.599,33.690
78.145,-113.456,-88.127,35.538
78.192,-113.191,-88.127,35.538
78.214,-113.200,-88.141,35.538
78.258,-112.629,-88.141,35.538
78.286,-102.944,-87.869,45.000
78.355,-124.173,-87.880,23.962
78.392,-124.375,-87.880,23.962
78.424,-116.301,-87.969,32.005
78.459,-115.716,-87.969,32.005
78.494,-110.777,-87.814,36.870
78.565,-115.700,-87.922,32.005
78.593,-116.374,-87.922,32.005
78.634,-111.475,-87.763,36.870
78.660,-112.563,-87.763,36.870
78.704,-96.322,-87.745,53.130
78.775,-111.570,-87.399,37.875
78.791,-112.493,-87.399,37.875
78.844,-115.396,-87.227,34.992
78.915,-108.777,-87.286,41.634
78.928,-109.281,-87.286,41.634
78.984,-114.937,-87.017,36.027
78.991,-116.167,-87.017,36.027
79.055,-93.892,-87.953,57.995
79.057,-94.583,-87.953,57.995
79.124,-94.566,-87.984,57.995
79.193,-94.358,-87.984,57.995
79.193,-107.349,-87.884,45.000
79.270,-96.209,-87.645,56.310
79.326,-95.184,-87.645,56.310
79.333,-106.378,-87.844,45.000
79.393,-104.974,-87.844,45.000
79.408,-117.579,-87.118,32.471
79.459,-116.507,-87.118,32.471
79.474,-128.992,-87.362,19.983
79.544,-148.977,-87.460,0.000
79.593,-148.103,-87.460,0.000
79.616,-134.918,-86.921,12.995
79.659,-135.103,-86.921,12.995
79.685,-117.045,-87.264,30.964
79.755,-110.135,-87.389,37.875
79.793,-110.007,-87.389,37.875
79.824,-119.076,-87.715,29.055
79.859,-119.023,-87.715,29.055
79.894,-126.314,-87.600,21.801
79.965,-119.044,-87.750,29.055
79.993,-119.056,-87.750,29.055
80.034,-111.201,-87.822,36.870
80.059,-111.564,-87.822,36.870
80.105,-70.165,-52.133,57.417
80.175,-170.850,-67.915,-23.962
80.193,-170.682,-67.915,-23.962
80.245,156.150,-81.333,-52.524
80.315,177.027,-88.374,-33.690
80.325,179.047,-88.374,-33.690
80.384,-12.169,-89.062,135.000
80.392,-10.711,-89.062,135.000
80.455,15.745,-89.284,161.565
80.525,-118.788,-88.487,26.565
80.525,-117.775,-88.487,26.565
80.593,-116.711,-88.487,26.565
80.594,-170.000,-88.987,-26.565
80.659,-169.881,-88.987,-26.565
80.664,-79.798,-88.469,63.435
80.734,-174.270,-87.392,-30.964
80.793,-173.565,-87.392,-30.964
80.811,-122.015,-88.096,20.556
80.859,-121.863,-88.096,20.556
80.874,-150.526,-86.826,-8.130
80.957,-136.702,-87.761,5.711
80.993,-136.336,-87.761,5.711
81.015,-115.486,-87.999,26.565
81.059,-115.981,-87.999,26.565
81.085,-148.887,-87.950,-6.340
81.155,-124.107,-87.861,18.435
81.193,-124.344,-87.861,18.435
81.224,172.187,-88.719,-45.000
81.259,172.184,-88.719,-45.000
81.295,-152.250,-88.639,-9.462
81.365,-179.679,-88.881,-36.870
81.393,-179.761,-88.881,-36.870
81.434,-169.455,-89.498,-26.565
81.460,-169.614,-89.498,-26.565
81.504,-109.337,-88.374,33.690
81.574,-136.678,-87.966,6.340
81.593,-137.547,-87.966,6.340
81.644,-143.878,-87.520,0.000
81.659,-143.754,-87.520,0.000
81.715,-152.497,-87.047,-8.746
81.785,-103.964,-88.259,39.806
81.792,-103.915,-88.259,39.806
81.855,-108.693,-87.281,34.992
81.859,-108.415,-87.281,34.992
81.924,-147.830,-87.084,-4.399
81.994,-147.814,-87.084,-4.399
81.995,-148.190,-87.296,-4.764
82.059,-147.344,-87.296,-4.764
82.063,133.612,-87.942,-83.660
82.134,14.134,-88.289,156.801
82.193,13.898,-88.289,156.801
82.209,-7.891,-88.109,135.000
82.259,-7.101,-88.109,135.000
82.276,-28.883,-88.283,113.199
82.345,-137.231,-87.307,4.764
82.393,-136.377,-87.307,4.764
82.416,-133.543,-84.782,7.431
82.460,-133.709,-84.782,7.431
82.484,-136.181,-84.847,4.970
82.555,-150.059,-87.036,-8.746
82.593,-150.048,-87.036,-8.746
82.624,-167.950,-88.493,-26.565
82.660,-168.078,-88.493,-26.565
82.695,38.463,-89.554,180.000
82.765,11.900,-88.493,153.435
82.794,12.213,-88.493,153.435
82.834,-69.614,-88.574,71.565
82.860,-70.151,-88.574,71.565
82.904,-124.512,-86.947,17.103
82.974,-155.731,-87.212,-14.036
82.993,-155.502,-87.212,-14.036
83.044,162.093,-88.380,-56.310
83.059,161.933,-88.380,-56.310
83.114,116.903,-88.859,-101.310
83.184,-96.657,-89.047,45.000
83.192,-97.099,-89.047,45.000
83.254,-129.510,-87.905,12.529
83.259,-129.997,-87.905,12.529
83.324,172.346,-89.685,-45.000
83.393,172.649,-89.685,-45.000
83.394,64.186,-89.502,-153.435
83.460,64.233,-89.502,-153.435
83.465,-118.168,-87.762,23.962
83.534,-120.411,-88.776,21.801
